prd_id,prd_key,prd_nm,prd_cost,prd_line,prd_start_dt
210,CO-RF-FR-R92B-58,HL Road Frame - Black- 58,,R ,10/10/2018
211,CO-RF-FR-R92R-58,HL Road Frame - Red- 58,,R ,3/4/2019
212,AC-HE-HL-U509-R,Sport-100 Helmet- Red,12,S ,5/29/2018
213,AC-HE-HL-U509-R,Sport-100 Helmet- Red,14,S ,11/5/2019
214,AC-HE-HL-U509-R,Sport-100 Helmet- Red,13,S ,7/7/2019
215,AC-HE-HL-U509,Sport-100 Helmet- Black,12,S ,7/25/2018
216,AC-HE-HL-U509,Sport-100 Helmet- Black,14,S ,12/30/2019
217,AC-HE-HL-U509,Sport-100 Helmet- Black,13,S ,12/13/2018
218,CL-SO-SO-B909-M,Mountain Bike Socks- M,3,M ,6/30/2018
219,CL-SO-SO-B909-L,Mountain Bike Socks- L,3,M ,12/29/2019
220,AC-HE-HL-U509-B,Sport-100 Helmet- Blue,12,S ,6/23/2019
221,AC-HE-HL-U509-B,Sport-100 Helmet- Blue,14,S ,3/22/2019
222,AC-HE-HL-U509-B,Sport-100 Helmet- Blue,13,S ,4/15/2019
223,CL-CA-CA-1098,AWC Logo Cap,6,S ,2/6/2019
224,CL-CA-CA-1098,AWC Logo Cap,5,S ,8/3/2019
225,CL-CA-CA-1098,AWC Logo Cap,7,S ,1/18/2018
226,CL-JE-LJ-0192-S,Long-Sleeve Logo Jersey- S,32,S ,1/19/2018
227,CL-JE-LJ-0192-S,Long-Sleeve Logo Jersey- S,29,S ,10/23/2018
228,CL-JE-LJ-0192-S,Long-Sleeve Logo Jersey- S,38,S ,8/6/2019
229,CL-JE-LJ-0192-M,Long-Sleeve Logo Jersey- M,32,S ,5/4/2019
230,CL-JE-LJ-0192-M,Long-Sleeve Logo Jersey- M,29,S ,6/24/2019
231,CL-JE-LJ-0192-M,Long-Sleeve Logo Jersey- M,38,S ,3/6/2018
232,CL-JE-LJ-0192-L,Long-Sleeve Logo Jersey- L,32,S ,8/30/2018
233,CL-JE-LJ-0192-L,Long-Sleeve Logo Jersey- L,29,S ,5/26/2019
234,CL-JE-LJ-0192-L,Long-Sleeve Logo Jersey- L,38,S ,10/14/2018
235,CL-JE-LJ-0192-X,Long-Sleeve Logo Jersey- XL,32,S ,1/28/2018
236,CL-JE-LJ-0192-X,Long-Sleeve Logo Jersey- XL,29,S ,4/27/2018
237,CL-JE-LJ-0192-X,Long-Sleeve Logo Jersey- XL,38,S ,3/27/2018
238,CO-RF-FR-R92R-62,HL Road Frame - Red- 62,748,R ,6/18/2019
239,CO-RF-FR-R92R-62,HL Road Frame - Red- 62,722,R ,9/9/2019
240,CO-RF-FR-R92R-62,HL Road Frame - Red- 62,869,R ,7/15/2018
241,CO-RF-FR-R92R-44,HL Road Frame - Red- 44,748,R ,10/18/2019
242,CO-RF-FR-R92R-44,HL Road Frame - Red- 44,722,R ,7/2/2019
243,CO-RF-FR-R92R-44,HL Road Frame - Red- 44,869,R ,10/4/2019
244,CO-RF-FR-R92R-48,HL Road Frame - Red- 48,748,R ,5/3/2019
245,CO-RF-FR-R92R-48,HL Road Frame - Red- 48,722,R ,7/30/2018
246,CO-RF-FR-R92R-48,HL Road Frame - Red- 48,869,R ,1/14/2018
247,CO-RF-FR-R92R-52,HL Road Frame - Red- 52,748,R ,4/26/2019
248,CO-RF-FR-R92R-52,HL Road Frame - Red- 52,722,R ,1/12/2018
249,CO-RF-FR-R92R-52,HL Road Frame - Red- 52,869,R ,10/22/2018
250,CO-RF-FR-R92R-56,HL Road Frame - Red- 56,748,R ,11/8/2019
251,CO-RF-FR-R92R-56,HL Road Frame - Red- 56,722,R ,6/13/2019
252,CO-RF-FR-R92R-56,HL Road Frame - Red- 56,869,R ,2/1/2018
253,CO-RF-FR-R38B-58,LL Road Frame - Black- 58,176,R ,12/29/2018
254,CO-RF-FR-R38B-58,LL Road Frame - Black- 58,170,R ,11/18/2019
255,CO-RF-FR-R38B-58,LL Road Frame - Black- 58,205,R ,5/12/2018
256,CO-RF-FR-R38B-60,LL Road Frame - Black- 60,176,R ,5/21/2018
257,CO-RF-FR-R38B-60,LL Road Frame - Black- 60,170,R ,5/13/2018
258,CO-RF-FR-R38B-60,LL Road Frame - Black- 60,205,R ,12/12/2018
259,CO-RF-FR-R38B-62,LL Road Frame - Black- 62,176,R ,11/27/2019
260,CO-RF-FR-R38B-62,LL Road Frame - Black- 62,170,R ,6/14/2018
261,CO-RF-FR-R38B-62,LL Road Frame - Black- 62,205,R ,2/17/2019
262,CO-RF-FR-R38R-44,LL Road Frame - Red- 44,181,R ,1/30/2018
263,CO-RF-FR-R38R-44,LL Road Frame - Red- 44,187,R ,9/8/2019
264,CO-RF-FR-R38R-48,LL Road Frame - Red- 48,181,R ,1/5/2019
265,CO-RF-FR-R38R-48,LL Road Frame - Red- 48,187,R ,6/15/2019
266,CO-RF-FR-R38R-52,LL Road Frame - Red- 52,181,R ,12/22/2019
267,CO-RF-FR-R38R-52,LL Road Frame - Red- 52,187,R ,10/29/2019
268,CO-RF-FR-R38R-58,LL Road Frame - Red- 58,181,R ,12/22/2019
269,CO-RF-FR-R38R-58,LL Road Frame - Red- 58,187,R ,9/30/2019
270,CO-RF-FR-R38R-60,LL Road Frame - Red- 60,181,R ,7/15/2019
271,CO-RF-FR-R38R-60,LL Road Frame - Red- 60,187,R ,12/16/2018
272,CO-RF-FR-R38R-62,LL Road Frame - Red- 62,181,R ,4/11/2018
273,CO-RF-FR-R38R-62,LL Road Frame - Red- 62,187,R ,7/11/2019
274,CO-RF-FR-R72R-44,ML Road Frame - Red- 44,352,R ,7/24/2019
275,CO-RF-FR-R72R-48,ML Road Frame - Red- 48,352,R ,2/5/2019
276,CO-RF-FR-R72R-52,ML Road Frame - Red- 52,352,R ,8/5/2019
277,CO-RF-FR-R72R-58,ML Road Frame - Red- 58,352,R ,10/5/2019
278,CO-RF-FR-R72R-60,ML Road Frame - Red- 60,352,R ,3/29/2019
279,CO-RF-FR-R38B-44,LL Road Frame - Black- 44,176,R ,7/4/2018
280,CO-RF-FR-R38B-44,LL Road Frame - Black- 44,170,R ,11/18/2018
281,CO-RF-FR-R38B-44,LL Road Frame - Black- 44,205,R ,1/21/2019
282,CO-RF-FR-R38B-48,LL Road Frame - Black- 48,176,R ,4/11/2019
283,CO-RF-FR-R38B-48,LL Road Frame - Black- 48,170,R ,11/27/2019
284,CO-RF-FR-R38B-48,LL Road Frame - Black- 48,205,R ,1/20/2018
285,CO-RF-FR-R38B-52,LL Road Frame - Black- 52,176,R ,11/21/2018
286,CO-RF-FR-R38B-52,LL Road Frame - Black- 52,170,R ,5/3/2019
287,CO-RF-FR-R38B-52,LL Road Frame - Black- 52,205,R ,1/12/2019
288,CO-MF-FR-M94S-42,HL Mountain Frame - Silver- 42,624,M ,6/12/2019
289,CO-MF-FR-M94S-42,HL Mountain Frame - Silver- 42,661,M ,8/8/2019
290,CO-MF-FR-M94S-42,HL Mountain Frame - Silver- 42,747,M ,1/25/2018
291,CO-MF-FR-M94S-44,HL Mountain Frame - Silver- 44,707,M ,6/24/2018
292,CO-MF-FR-M94S-52,HL Mountain Frame - Silver- 48,707,M ,3/5/2019
293,CO-MF-FR-M94S-46,HL Mountain Frame - Silver- 46,624,M ,7/13/2018
294,CO-MF-FR-M94S-46,HL Mountain Frame - Silver- 46,661,M ,5/6/2019
295,CO-MF-FR-M94S-46,HL Mountain Frame - Silver- 46,747,M ,11/20/2019
296,CO-MF-FR-M94B-42,HL Mountain Frame - Black- 42,617,M ,8/11/2019
297,CO-MF-FR-M94B-42,HL Mountain Frame - Black- 42,654,M ,2/2/2019
298,CO-MF-FR-M94B-42,HL Mountain Frame - Black- 42,739,M ,10/25/2018
299,CO-MF-FR-M94B-44,HL Mountain Frame - Black- 44,699,M ,6/24/2019
300,CO-MF-FR-M94B-48,HL Mountain Frame - Black- 48,699,M ,4/6/2019
301,CO-MF-FR-M94B-46,HL Mountain Frame - Black- 46,617,M ,9/17/2019
302,CO-MF-FR-M94B-46,HL Mountain Frame - Black- 46,654,M ,10/24/2018
303,CO-MF-FR-M94B-46,HL Mountain Frame - Black- 46,739,M ,4/5/2018
304,CO-MF-FR-M94B-38,HL Mountain Frame - Black- 38,617,M ,10/20/2019
305,CO-MF-FR-M94B-38,HL Mountain Frame - Black- 38,654,M ,2/4/2019
306,CO-MF-FR-M94B-38,HL Mountain Frame - Black- 38,739,M ,11/19/2019
307,CO-MF-FR-M94S-38,HL Mountain Frame - Silver- 38,624,M ,5/2/2018
308,CO-MF-FR-M94S-38,HL Mountain Frame - Silver- 38,661,M ,6/9/2019
309,CO-MF-FR-M94S-38,HL Mountain Frame - Silver- 38,747,M ,3/8/2018
310,BI-RB-BK-R93R-62,Road-150 Red- 62,2171,R ,12/8/2018
311,BI-RB-BK-R93R-44,Road-150 Red- 44,2171,R ,1/3/2019
312,BI-RB-BK-R93R-48,Road-150 Red- 48,2171,R ,1/30/2018
313,BI-RB-BK-R93R-52,Road-150 Red- 52,2171,R ,12/18/2019
314,BI-RB-BK-R93R-56,Road-150 Red- 56,2171,R ,10/11/2019
315,BI-RB-BK-R68R-58,Road-450 Red- 58,885,R ,1/17/2019
316,BI-RB-BK-R68R-60,Road-450 Red- 60,885,R ,2/25/2019
317,BI-RB-BK-R68R-44,Road-450 Red- 44,885,R ,4/15/2018
318,BI-RB-BK-R68R-48,Road-450 Red- 48,885,R ,10/22/2018
319,BI-RB-BK-R68R-52,Road-450 Red- 52,885,R ,9/15/2019
320,BI-RB-BK-R50R-58,Road-650 Red- 58,413,R ,3/19/2019
321,BI-RB-BK-R50R-58,Road-650 Red- 58,487,R ,5/26/2018
322,BI-RB-BK-R50R-60,Road-650 Red- 60,413,R ,9/14/2018
323,BI-RB-BK-R50R-60,Road-650 Red- 60,487,R ,9/12/2019
324,BI-RB-BK-R50R-62,Road-650 Red- 62,413,R ,8/1/2018
325,BI-RB-BK-R50R-62,Road-650 Red- 62,487,R ,2/12/2019
326,BI-RB-BK-R50R-44,Road-650 Red- 44,413,R ,8/11/2019
327,BI-RB-BK-R50R-44,Road-650 Red- 44,487,R ,9/4/2019
328,BI-RB-BK-R50R-48,Road-650 Red- 48,413,R ,12/11/2018
329,BI-RB-BK-R50R-48,Road-650 Red- 48,487,R ,3/8/2019
330,BI-RB-BK-R50R-52,Road-650 Red- 52,413,R ,10/25/2019
331,BI-RB-BK-R50R-52,Road-650 Red- 52,487,R ,7/18/2018
332,BI-RB-BK-R50B-58,Road-650 Black- 58,413,R ,11/29/2019
333,BI-RB-BK-R50B-58,Road-650 Black- 58,487,R ,6/30/2019
334,BI-RB-BK-R50B-60,Road-650 Black- 60,413,R ,4/3/2018
335,BI-RB-BK-R50B-60,Road-650 Black- 60,487,R ,6/3/2019
336,BI-RB-BK-R50B-62,Road-650 Black- 62,413,R ,6/25/2018
337,BI-RB-BK-R50B-62,Road-650 Black- 62,487,R ,11/27/2019
338,BI-RB-BK-R50B-44,Road-650 Black- 44,413,R ,5/5/2018
339,BI-RB-BK-R50B-44,Road-650 Black- 44,487,R ,7/27/2018
340,BI-RB-BK-R50B-48,Road-650 Black- 48,413,R ,5/25/2019
341,BI-RB-BK-R50B-48,Road-650 Black- 48,487,R ,12/13/2019
342,BI-RB-BK-R50B-52,Road-650 Black- 52,413,R ,9/11/2019
343,BI-RB-BK-R50B-52,Road-650 Black- 52,487,R ,11/29/2019
344,BI-MB-BK-M82S-38,Mountain-100 Silver- 38,1912,M ,1/1/2020
345,BI-MB-BK-M82S-42,Mountain-100 Silver- 42,1912,M ,5/5/2019
346,BI-MB-BK-M82S-44,Mountain-100 Silver- 44,1912,M ,10/14/2018
347,BI-MB-BK-M82S-48,Mountain-100 Silver- 48,1912,M ,5/23/2018
348,BI-MB-BK-M82B-38,Mountain-100 Black- 38,1898,M ,10/12/2019
349,BI-MB-BK-M82B-42,Mountain-100 Black- 42,1898,M ,6/1/2019
350,BI-MB-BK-M82B-44,Mountain-100 Black- 44,1898,M ,3/27/2019
351,BI-MB-BK-M82B-48,Mountain-100 Black- 48,1898,M ,2/25/2019
352,BI-MB-BK-M68S-38,Mountain-200 Silver- 38,1118,M ,8/26/2018
353,BI-MB-BK-M68S-38,Mountain-200 Silver- 38,1266,M ,9/16/2018
354,BI-MB-BK-M68S-42,Mountain-200 Silver- 42,1118,M ,4/6/2019
355,BI-MB-BK-M68S-42,Mountain-200 Silver- 42,1266,M ,3/18/2018
356,BI-MB-BK-M68S-46,Mountain-200 Silver- 46,1118,M ,8/6/2018
357,BI-MB-BK-M68S-46,Mountain-200 Silver- 46,1266,M ,10/6/2019
358,BI-MB-BK-M68B-38,Mountain-200 Black- 38,1106,M ,2/18/2019
359,BI-MB-BK-M68B-38,Mountain-200 Black- 38,1252,M ,7/19/2019
360,BI-MB-BK-M68B-42,Mountain-200 Black- 42,1106,M ,10/19/2019
361,BI-MB-BK-M68B-42,Mountain-200 Black- 42,1252,M ,4/6/2018
362,BI-MB-BK-M68B-46,Mountain-200 Black- 46,1106,M ,4/13/2019
363,BI-MB-BK-M68B-46,Mountain-200 Black- 46,1252,M ,2/11/2018
364,BI-MB-BK-M47B-38,Mountain-300 Black- 38,598,M ,8/29/2019
365,BI-MB-BK-M47B-40,Mountain-300 Black- 40,598,M ,11/30/2019
366,BI-MB-BK-M47B-44,Mountain-300 Black- 44,598,M ,8/2/2018
367,BI-MB-BK-M47B-48,Mountain-300 Black- 48,598,M ,8/31/2018
368,BI-RB-BK-R89R-44,Road-250 Red- 44,1519,R ,11/18/2018
369,BI-RB-BK-R89R-48,Road-250 Red- 48,1519,R ,6/14/2018
370,BI-RB-BK-R89R-52,Road-250 Red- 52,1519,R ,12/31/2019
371,BI-RB-BK-R89R-58,Road-250 Red- 58,1321,R ,11/27/2019
372,BI-RB-BK-R89R-58,Road-250 Red- 58,1555,R ,4/29/2019
373,BI-RB-BK-R89B-44,Road-250 Black- 44,1321,R ,1/20/2019
374,BI-RB-BK-R89B-44,Road-250 Black- 44,1555,R ,10/22/2019
375,BI-RB-BK-R89B-48,Road-250 Black- 48,1321,R ,9/1/2018
376,BI-RB-BK-R89B-48,Road-250 Black- 48,1555,R ,2/12/2018
377,BI-RB-BK-R89B-52,Road-250 Black- 52,1321,R ,11/23/2019
378,BI-RB-BK-R89B-52,Road-250 Black- 52,1555,R ,9/21/2019
379,BI-RB-BK-R89B-58,Road-250 Black- 58,1321,R ,10/17/2018
380,BI-RB-BK-R89B-58,Road-250 Black- 58,1555,R ,3/8/2019
381,BI-RB-BK-R64Y-38,Road-550-W Yellow- 38,606,R ,6/9/2019
382,BI-RB-BK-R64Y-38,Road-550-W Yellow- 38,713,R ,6/18/2018
383,BI-RB-BK-R64Y-40,Road-550-W Yellow- 40,606,R ,9/17/2019
384,BI-RB-BK-R64Y-40,Road-550-W Yellow- 40,713,R ,2/26/2018
385,BI-RB-BK-R64Y-42,Road-550-W Yellow- 42,606,R ,1/17/2018
386,BI-RB-BK-R64Y-42,Road-550-W Yellow- 42,713,R ,5/19/2019
387,BI-RB-BK-R64Y-44,Road-550-W Yellow- 44,606,R ,1/19/2019
388,BI-RB-BK-R64Y-44,Road-550-W Yellow- 44,713,R ,4/9/2019
389,BI-RB-BK-R64Y-48,Road-550-W Yellow- 48,606,R ,4/23/2018
390,BI-RB-BK-R64Y-48,Road-550-W Yellow- 48,713,R ,4/13/2018
391,CO-FO-FK-1639,LL Fork,66,,4/13/2018
392,CO-FO-FK-5136,ML Fork,78,,9/20/2018
393,CO-FO-FK-9939,HL Fork,102,,7/9/2019
394,CO-HS-HS-0296,LL Headset,15,,10/4/2018
395,CO-HS-HS-2451,ML Headset,45,,3/31/2018
396,CO-HS-HS-3479,HL Headset,55,,1/3/2018
397,CO-HB-HB-M243,LL Mountain Handlebars,18,M ,1/18/2019
398,CO-HB-HB-M243,LL Mountain Handlebars,20,M ,9/8/2018
399,CO-HB-HB-M763,ML Mountain Handlebars,25,M ,6/13/2019
400,CO-HB-HB-M763,ML Mountain Handlebars,27,M ,2/4/2018
401,CO-HB-HB-M918,HL Mountain Handlebars,49,M ,6/2/2018
402,CO-HB-HB-M918,HL Mountain Handlebars,53,M ,6/10/2018
403,CO-HB-HB-R504,LL Road Handlebars,18,R ,3/24/2018
404,CO-HB-HB-R504,LL Road Handlebars,20,R ,5/14/2018
405,CO-HB-HB-R720,ML Road Handlebars,25,R ,3/25/2018
406,CO-HB-HB-R720,ML Road Handlebars,27,R ,3/5/2019
407,CO-HB-HB-R956,HL Road Handlebars,49,R ,1/10/2019
408,CO-HB-HB-R956,HL Road Handlebars,53,R ,3/20/2018
409,CO-MF-FR-M63B-38,ML Mountain Frame - Black- 38,186,M ,4/16/2018
410,CO-WH-FW-M423,LL Mountain Front Wheel,27,M ,8/23/2018
411,CO-WH-FW-M762,ML Mountain Front Wheel,93,M ,4/26/2018
412,CO-WH-FW-M928,HL Mountain Front Wheel,133,M ,1/10/2018
413,CO-WH-FW-R623,LL Road Front Wheel,38,R ,2/23/2019
414,CO-WH-FW-R762,ML Road Front Wheel,110,R ,5/8/2018
415,CO-WH-FW-R820,HL Road Front Wheel,147,R ,11/28/2018
416,CO-WH-FW-T905,Touring Front Wheel,97,T ,10/20/2018
417,CO-RF-FR-R72Y-38,ML Road Frame-W - Yellow- 38,300,R ,12/8/2018
418,CO-RF-FR-R72Y-38,ML Road Frame-W - Yellow- 38,361,R ,1/22/2019
419,CO-WH-RW-M423,LL Mountain Rear Wheel,39,M ,5/14/2018
420,CO-WH-RW-M762,ML Mountain Rear Wheel,105,M ,5/17/2018
421,CO-WH-RW-M928,HL Mountain Rear Wheel,145,M ,1/19/2019
422,CO-WH-RW-R623,LL Road Rear Wheel,50,R ,10/3/2019
423,CO-WH-RW-R762,ML Road Rear Wheel,122,R ,10/29/2019
424,CO-WH-RW-R820,HL Road Rear Wheel,159,R ,10/20/2018
425,CO-WH-RW-T905,Touring Rear Wheel,109,T ,2/14/2019
426,CO-MF-FR-M63B-40,ML Mountain Frame - Black- 40,186,M ,4/28/2019
427,CO-MF-FR-M63B-44,ML Mountain Frame - Black- 44,186,M ,9/25/2019
428,CO-MF-FR-M63B-48,ML Mountain Frame - Black- 48,186,M ,3/17/2018
429,CO-RF-FR-R72Y-40,ML Road Frame-W - Yellow- 40,300,R ,8/30/2018
430,CO-RF-FR-R72Y-40,ML Road Frame-W - Yellow- 40,361,R ,10/18/2018
431,CO-RF-FR-R72Y-42,ML Road Frame-W - Yellow- 42,300,R ,10/1/2018
432,CO-RF-FR-R72Y-42,ML Road Frame-W - Yellow- 42,361,R ,1/24/2019
433,CO-RF-FR-R72Y-44,ML Road Frame-W - Yellow- 44,300,R ,2/18/2018
434,CO-RF-FR-R72Y-44,ML Road Frame-W - Yellow- 44,361,R ,9/11/2019
435,CO-RF-FR-R72Y-48,ML Road Frame-W - Yellow- 48,300,R ,10/8/2018
436,CO-RF-FR-R72Y-48,ML Road Frame-W - Yellow- 48,361,R ,8/5/2018
437,CO-RF-FR-R92B-62,HL Road Frame - Black- 62,722,R ,4/16/2019
438,CO-RF-FR-R92B-62,HL Road Frame - Black- 62,869,R ,9/10/2019
439,CO-RF-FR-R92B-44,HL Road Frame - Black- 44,722,R ,11/7/2018
440,CO-RF-FR-R92B-44,HL Road Frame - Black- 44,869,R ,7/8/2019
441,CO-RF-FR-R92B-48,HL Road Frame - Black- 48,722,R ,1/20/2018
442,CO-RF-FR-R92B-48,HL Road Frame - Black- 48,869,R ,7/16/2019
443,CO-RF-FR-R92B-52,HL Road Frame - Black- 52,722,R ,3/10/2018
444,CO-RF-FR-R92B-52,HL Road Frame - Black- 52,869,R ,1/12/2018
445,CL-SH-SH-M897-S,Men's Sports Shorts- S,25,S ,11/4/2019
446,AC-PA-PA-T100,Touring-Panniers- Large,52,T ,1/10/2018
447,AC-LO-LO-C100,Cable Lock,10,S ,8/1/2018
448,AC-PU-PU-0452,Minipump,8,S ,11/3/2019
449,AC-PU-PU-M044,Mountain Pump,10,M ,2/5/2018
450,AC-LI-LT-T990,Taillights - Battery-Powered,6,R ,3/26/2018
451,AC-LI-LT-H902,Headlights - Dual-Beam,14,R ,5/8/2019
452,AC-LI-LT-H903,Headlights - Weatherproof,19,R ,12/6/2018
453,CL-SH-SH-M897-M,Men's Sports Shorts- M,25,S ,7/21/2019
454,CL-SH-SH-M897-L,Men's Sports Shorts- L,25,S ,11/15/2018
455,CL-SH-SH-M897-X,Men's Sports Shorts- XL,25,S ,8/23/2018
456,CL-TI-TG-W091-S,Women's Tights- S,31,S ,12/14/2019
457,CL-TI-TG-W091-M,Women's Tights- M,31,S ,1/18/2019
458,CL-TI-TG-W091-L,Women's Tights- L,31,S ,10/24/2019
459,CL-BS-SB-M891-S,Men's Bib-Shorts- S,37,S ,1/25/2019
460,CL-BS-SB-M891-M,Men's Bib-Shorts- M,37,S ,4/2/2019
461,CL-BS-SB-M891-L,Men's Bib-Shorts- L,37,S ,7/9/2018
462,CL-GL-GL-H102-S,Half-Finger Gloves- S,10,S ,10/1/2018
463,CL-GL-GL-H102-S,Half-Finger Gloves- S,9,S ,8/26/2018
464,CL-GL-GL-H102-M,Half-Finger Gloves- M,10,S ,6/4/2019
465,CL-GL-GL-H102-M,Half-Finger Gloves- M,9,S ,9/14/2019
466,CL-GL-GL-H102-L,Half-Finger Gloves- L,10,S ,8/18/2019
467,CL-GL-GL-H102-L,Half-Finger Gloves- L,9,S ,3/18/2019
468,CL-GL-GL-F110-S,Full-Finger Gloves- S,16,M ,1/28/2018
469,CL-GL-GL-F110-M,Full-Finger Gloves- M,16,M ,3/7/2019
470,CL-GL-GL-F110-L,Full-Finger Gloves- L,16,M ,3/15/2019
471,CL-VE-VE-C304-S,Classic Vest- S,24,S ,5/25/2019
472,CL-VE-VE-C304-M,Classic Vest- M,24,S ,2/22/2018
473,CL-VE-VE-C304-L,Classic Vest- L,24,S ,9/13/2018
474,CL-SH-SH-W890-S,Women's Mountain Shorts- S,26,M ,5/18/2018
475,CL-SH-SH-W890-M,Women's Mountain Shorts- M,26,M ,4/9/2019
476,CL-SH-SH-W890-L,Women's Mountain Shorts- L,26,M ,6/24/2019
477,AC-BC-WB-H098,Water Bottle - 30 oz.,2,S ,1/7/2018
478,AC-BC-BC-M005,Mountain Bottle Cage,4,M ,5/25/2018
479,AC-BC-BC-R205,Road Bottle Cage,3,R ,11/20/2019
480,AC-TT-PK-7098,Patch Kit/8 Patches,1,S ,10/22/2019
481,CL-SO-SO-R809-M,Racing Socks- M,3,R ,9/16/2019
482,CL-SO-SO-R809-L,Racing Socks- L,3,R ,6/12/2018
483,AC-BR-RA-H123,Hitch Rack - 4-Bike,45,S ,7/17/2018
484,AC-CL-CL-9009,Bike Wash - Dissolver,3,S ,11/5/2018
485,AC-FE-FE-6654,Fender Set - Mountain,8,M ,10/26/2018
486,AC-BS-ST-1401,All-Purpose Bike Stand,59,M ,2/10/2018
487,AC-HP-HY-1023-70,Hydration Pack - 70 oz.,21,S ,9/26/2019
488,CL-JE-SJ-0194-S,Short-Sleeve Classic Jersey- S,42,S ,12/28/2018
489,CL-JE-SJ-0194-M,Short-Sleeve Classic Jersey- M,42,S ,1/9/2018
490,CL-JE-SJ-0194-L,Short-Sleeve Classic Jersey- L,42,S ,11/28/2018
491,CL-JE-SJ-0194-X,Short-Sleeve Classic Jersey- XL,42,S ,10/4/2019
492,CO-TF-FR-T98Y-60,HL Touring Frame - Yellow- 60,602,T ,4/28/2018
493,CO-TF-FR-T67Y-62,LL Touring Frame - Yellow- 62,200,T ,4/15/2019
494,CO-TF-FR-T98Y-46,HL Touring Frame - Yellow- 46,602,T ,5/31/2018
495,CO-TF-FR-T98Y-50,HL Touring Frame - Yellow- 50,602,T ,8/6/2018
496,CO-TF-FR-T98Y-54,HL Touring Frame - Yellow- 54,602,T ,1/27/2019
497,CO-TF-FR-T98U-46,HL Touring Frame - Blue- 46,602,T ,10/4/2018
498,CO-TF-FR-T98U-50,HL Touring Frame - Blue- 50,602,T ,2/22/2018
499,CO-TF-FR-T98U-54,HL Touring Frame - Blue- 54,602,T ,6/26/2019
500,CO-TF-FR-T98U-60,HL Touring Frame - Blue- 60,602,T ,11/24/2018
501,CO-DE-RD-2308,Rear Derailleur,54,,3/18/2018
502,CO-TF-FR-T67U-50,LL Touring Frame - Blue- 50,200,T ,3/22/2018
503,CO-TF-FR-T67U-54,LL Touring Frame - Blue- 54,200,T ,12/17/2018
504,CO-TF-FR-T67U-58,LL Touring Frame - Blue- 58,200,T ,3/11/2019
505,CO-TF-FR-T67U-62,LL Touring Frame - Blue- 62,200,T ,1/23/2019
506,CO-TF-FR-T67Y-44,LL Touring Frame - Yellow- 44,200,T ,10/1/2018
507,CO-TF-FR-T67Y-50,LL Touring Frame - Yellow- 50,200,T ,3/29/2018
508,CO-TF-FR-T67Y-54,LL Touring Frame - Yellow- 54,200,T ,7/10/2018
509,CO-TF-FR-T67Y-58,LL Touring Frame - Yellow- 58,200,T ,11/8/2019
510,CO-TF-FR-T67U-44,LL Touring Frame - Blue- 44,200,T ,8/1/2019
511,CO-MF-FR-M63S-40,ML Mountain Frame-W - Silver- 40,199,M ,6/17/2019
512,CO-MF-FR-M63S-42,ML Mountain Frame-W - Silver- 42,199,M ,4/26/2019
513,CO-MF-FR-M63S-46,ML Mountain Frame-W - Silver- 46,199,M ,1/25/2019
514,CO-BR-RB-9231,Rear Brakes,47,,10/16/2019
515,CO-SA-SE-M236,LL Mountain Seat/Saddle,12,M ,10/25/2019
516,CO-SA-SE-M798,ML Mountain Seat/Saddle,17,M ,7/25/2018
517,CO-SA-SE-M940,HL Mountain Seat/Saddle,23,M ,2/1/2018
518,CO-SA-SE-R581,LL Road Seat/Saddle,12,R ,6/10/2019
519,CO-SA-SE-R908,ML Road Seat/Saddle,17,T ,12/31/2018
520,CO-SA-SE-R995,HL Road Seat/Saddle,23,R ,2/1/2019
521,CO-SA-SE-T312,LL Touring Seat/Saddle,12,T ,4/4/2019
522,CO-SA-SE-T762,ML Touring Seat/Saddle,17,T ,3/6/2018
523,CO-SA-SE-T924,HL Touring Seat/Saddle,23,T ,6/13/2018
524,CO-MF-FR-M21S-42,LL Mountain Frame - Silver- 42,145,M ,11/1/2018
525,CO-MF-FR-M21S-44,LL Mountain Frame - Silver- 44,145,M ,7/1/2019
526,CO-MF-FR-M21S-48,LL Mountain Frame - Silver- 48,145,M ,3/28/2019
527,CO-MF-FR-M21S-52,LL Mountain Frame - Silver- 52,145,M ,1/25/2019
528,AC-TT-TT-M928,Mountain Tire Tube,2,M ,6/9/2018
529,AC-TT-TT-R982,Road Tire Tube,1,R ,3/19/2018
530,AC-TT-TT-T092,Touring Tire Tube,2,T ,12/28/2018
531,CO-MF-FR-M21B-42,LL Mountain Frame - Black- 42,137,M ,12/22/2018
532,CO-MF-FR-M21B-44,LL Mountain Frame - Black- 44,137,M ,4/25/2018
533,CO-MF-FR-M21B-48,LL Mountain Frame - Black- 48,137,M ,12/4/2019
534,CO-MF-FR-M21B-52,LL Mountain Frame - Black- 52,137,M ,2/23/2019
535,AC-TT-TI-M267,LL Mountain Tire,9,M ,11/29/2018
536,AC-TT-TI-M602,ML Mountain Tire,11,M ,2/9/2019
537,AC-TT-TI-M823,HL Mountain Tire,13,M ,10/6/2019
538,AC-TT-TI-R092,LL Road Tire,8,R ,10/15/2018
539,AC-TT-TI-R628,ML Road Tire,9,R ,6/23/2018
540,AC-TT-TI-R982,HL Road Tire,12,R ,3/7/2018
541,AC-TT-TI-T723,Touring Tire,11,T ,2/16/2018
542,CO-PE-PD-M282,LL Mountain Pedal,18,M ,6/29/2018
543,CO-PE-PD-M340,ML Mountain Pedal,28,M ,3/17/2019
544,CO-PE-PD-M562,HL Mountain Pedal,36,M ,2/5/2018
545,CO-PE-PD-R347,LL Road Pedal,18,R ,11/25/2019
546,CO-PE-PD-R563,ML Road Pedal,28,R ,5/22/2019
547,CO-PE-PD-R853,HL Road Pedal,36,R ,1/16/2018
548,CO-PE-PD-T852,Touring Pedal,36,T ,10/15/2019
549,CO-MF-FR-M63S-38,ML Mountain Frame-W - Silver- 38,199,M ,10/25/2019
550,CO-MF-FR-M21B-40,LL Mountain Frame - Black- 40,137,M ,7/7/2019
551,CO-MF-FR-M21S-40,LL Mountain Frame - Silver- 40,145,M ,10/18/2018
552,CO-DE-FD-2342,Front Derailleur,41,,8/26/2018
553,CO-HB-HB-T721,LL Touring Handlebars,20,T ,5/20/2018
554,CO-HB-HB-T928,HL Touring Handlebars,41,T ,6/14/2018
555,CO-BR-FB-9873,Front Brakes,47,,11/1/2018
556,CO-CS-CS-4759,LL Crankset,78,,11/16/2019
557,CO-CS-CS-6583,ML Crankset,114,,10/20/2019
558,CO-CS-CS-9183,HL Crankset,180,,9/12/2019
559,CO-CH-CH-0234,Chain,9,,5/31/2019
560,BI-TB-BK-T44U-60,Touring-2000 Blue- 60,755,T ,7/19/2018
561,BI-TB-BK-T79Y-46,Touring-1000 Yellow- 46,1482,T ,2/21/2019
562,BI-TB-BK-T79Y-50,Touring-1000 Yellow- 50,1482,T ,12/15/2019
563,BI-TB-BK-T79Y-54,Touring-1000 Yellow- 54,1482,T ,4/14/2019
564,BI-TB-BK-T79Y-60,Touring-1000 Yellow- 60,1482,T ,4/8/2019
565,BI-TB-BK-T18U-54,Touring-3000 Blue- 54,461,T ,11/7/2019
566,BI-TB-BK-T18U-58,Touring-3000 Blue- 58,461,T ,10/25/2019
567,BI-TB-BK-T18U-62,Touring-3000 Blue- 62,461,T ,1/11/2018
568,BI-TB-BK-T18Y-44,Touring-3000 Yellow- 44,461,T ,4/24/2018
569,BI-TB-BK-T18Y-50,Touring-3000 Yellow- 50,461,T ,8/8/2019
570,BI-TB-BK-T18Y-54,Touring-3000 Yellow- 54,461,T ,11/29/2018
571,BI-TB-BK-T18Y-58,Touring-3000 Yellow- 58,461,T ,4/9/2019
572,BI-TB-BK-T18Y-62,Touring-3000 Yellow- 62,461,T ,1/15/2018
573,BI-TB-BK-T79U-46,Touring-1000 Blue- 46,1482,T ,8/9/2019
574,BI-TB-BK-T79U-50,Touring-1000 Blue- 50,1482,T ,4/23/2019
575,BI-TB-BK-T79U-54,Touring-1000 Blue- 54,1482,T ,5/14/2019
576,BI-TB-BK-T79U-60,Touring-1000 Blue- 60,1482,T ,11/19/2018
577,BI-TB-BK-T44U-46,Touring-2000 Blue- 46,755,T ,1/15/2019
578,BI-TB-BK-T44U-50,Touring-2000 Blue- 50,755,T ,7/26/2018
579,BI-TB-BK-T44U-54,Touring-2000 Blue- 54,755,T ,1/15/2018
580,BI-RB-BK-R79Y-40,Road-350-W Yellow- 40,1083,R ,9/3/2018
581,BI-RB-BK-R79Y-42,Road-350-W Yellow- 42,1083,R ,4/7/2019
582,BI-RB-BK-R79Y-44,Road-350-W Yellow- 44,1083,R ,12/25/2019
583,BI-RB-BK-R79Y-48,Road-350-W Yellow- 48,1083,R ,1/1/2019
584,BI-RB-BK-R19B-58,Road-750 Black- 58,344,R ,1/1/2020
585,BI-TB-BK-T18U-44,Touring-3000 Blue- 44,461,T ,12/23/2018
586,BI-TB-BK-T18U-50,Touring-3000 Blue- 50,461,T ,11/11/2018
587,BI-MB-BK-M38S-38,Mountain-400-W Silver- 38,420,M ,5/15/2018
588,BI-MB-BK-M38S-40,Mountain-400-W Silver- 40,420,M ,7/21/2018
589,BI-MB-BK-M38S-42,Mountain-400-W Silver- 42,420,M ,9/9/2019
590,BI-MB-BK-M38S-46,Mountain-400-W Silver- 46,420,M ,2/3/2019
591,BI-MB-BK-M18S-40,Mountain-500 Silver- 40,308,M ,8/1/2018
592,BI-MB-BK-M18S-42,Mountain-500 Silver- 42,308,M ,9/4/2018
593,BI-MB-BK-M18S-44,Mountain-500 Silver- 44,308,M ,11/22/2018
594,BI-MB-BK-M18S-48,Mountain-500 Silver- 48,308,M ,10/17/2018
595,BI-MB-BK-M18S-52,Mountain-500 Silver- 52,308,M ,6/14/2018
596,BI-MB-BK-M18B-40,Mountain-500 Black- 40,295,M ,8/8/2018
597,BI-MB-BK-M18B-42,Mountain-500 Black- 42,295,M ,8/31/2018
598,BI-MB-BK-M18B-44,Mountain-500 Black- 44,295,M ,3/28/2019
599,BI-MB-BK-M18B-48,Mountain-500 Black- 48,295,M ,11/18/2018
600,BI-MB-BK-M18B-52,Mountain-500 Black- 52,295,M ,12/23/2018
601,CO-BB-BB-7421,LL Bottom Bracket,24,,12/13/2019
602,CO-BB-BB-8107,ML Bottom Bracket,45,,12/28/2019
603,CO-BB-BB-9108,HL Bottom Bracket,54,,12/3/2019
604,BI-RB-BK-R19B-44,Road-750 Black- 44,344,R ,6/7/2019
605,BI-RB-BK-R19B-48,Road-750 Black- 48,344,R ,2/2/2019
606,BI-RB-BK-R19B-52,Road-750 Black- 52,344,R ,5/16/2018
